Uint8_F_0,Uint8_F_1,Uint8_F_2,Uint8_F_3,Uint8_F_4,Uint8_F_5,Uint8_F_6
3.012946,1.722745,3.545604,2.425639,0.990154,0.588558,0.174714
